{"files":{"index.html":{"frameworks":["TW","pg.svg.lib","pg.asset.manager","pg.tw.lib","pg.project.items","pg.code-validator","pg.image.overlay","pg.css.grid","pg.insight.events","tw","pg.html","pg.components"],"last_page_width":1440},"index2.html":{"frameworks":["TWTemplate","pg.tw.lib","pg.insight.events","pg.css.grid","pg.image.overlay","pg.code-validator","pg.project.items","pg.asset.manager","tw","pg.html","pg.components"],"last_page_width":1024},"hero.html":{"frameworks":["TWTemplate","pg.tw.lib","pg.asset.manager","pg.project.items","pg.code-validator","pg.insight.events","pg.image.overlay","pg.css.grid","tw","pg.html","pg.components"],"last_page_width":1400},"spalash.html":{"frameworks":["TheBrightBridge_TW","pg.svg.lib","pg.insight.events","pg.tw.lib","pg.asset.manager","pg.project.items","pg.code-validator","pg.image.overlay","pg.css.grid","tw","pg.html","pg.components"],"last_page_width":1440},"splash.html":{"frameworks":["TW","pg.tw.lib","pg.asset.manager","pg.project.items","pg.code-validator","pg.insight.events","pg.image.overlay","pg.css.grid","tw","pg.html","pg.components"],"last_page_width":1105.99},"index-2.html":{"frameworks":["CodyCoolhair_TW","pg.svg.lib","pg.tw.lib","pg.asset.manager","pg.project.items","pg.code-validator","pg.image.overlay","pg.css.grid","pg.insight.events","tw","pg.html","pg.components"],"last_page_width":1440},"index-1.html":{"frameworks":["TW","pg.svg.lib","pg.asset.manager","pg.tw.lib","pg.project.items","pg.code-validator","pg.image.overlay","pg.css.grid","pg.insight.events","tw","pg.html","pg.components"],"last_page_width":1440},"index-1a.html":{"frameworks":["TW","pg.svg.lib","pg.asset.manager","pg.project.items","pg.tw.lib","pg.code-validator","pg.image.overlay","pg.css.grid","pg.insight.events","tw","pg.html","pg.components"],"last_page_width":1023.99}},"breakpoints":["640px","768px","1024px","1280px","1536px"],"frameworks":["CodyCoolhair_TW","pg.svg.lib","pg.tw.lib","pg.asset.manager","pg.project.items","pg.code-validator","pg.image.overlay","pg.css.grid","pg.insight.events","tw","pg.html","pg.components"],"template_framework_id":"tailwind","urls":{"index.html":{"open-page-views":[{"w":1440,"h":0}],"open-with-wrapper":false},"index2.html":{"open-page-views":[{"w":1024,"h":0}]},"hero.html":{"open-page-views":[{"w":1400,"h":0}]},"splash.html":{"open-page-views":[{"w":1106,"h":0}]},"index-2.html":{"open-page-views":[{"w":1440,"h":0}]},"index-1.html":{"open-page-views":[{"w":1440,"h":0}]},"index-1a.html":{"open-page-views":[{"w":1024,"h":0}]}},"active-design-provider":"tw","open-pages":["index.html"]}